run,event,gps
O1,GW170823,1187529256.5
O1,GW170818,1187058327.1
O1,GW170817,1187008882.4
O1,GW170814,1186741861.5
O1,GW170809,1186302519.8
O1,GW170729,1185389807.3
O1,GW170608,1180922494.5
O1,GW170104,1167559936.6
O1,GW151226,1135136350.6
O1,GW151012,1128678900.4
O1,GW150914,1126259462.4
O2,GW190930_133541,1253885759.2
O2,GW190929_012149,1253755327.5
O2,GW190924_021846,1253326744.8
O2,GW190915_235702,1252627040.7
O2,GW190910_112807,1252150105.3
O2,GW190909_114149,1252064527.7
O2,GW190828_065509,1251010527.8
O2,GW190828_063405,1251009263.7
O2,GW190814,1249852257.0
O2,GW190803_022701,1248834439.9
O2,GW190731_140936,1248617394.6
O2,GW190728_064510,1248331528.5
O2,GW190727_060333,1248242632.0
O2,GW190720_000836,1247616534.6
O2,GW190719_215514,1247608532.9
O2,GW190708_232457,1246663515.3
O2,GW190707_093326,1246527224.1
O2,GW190706_222641,1246487219.3
O2,GW190701_203306,1246048404.5
O2,GW190630_185205,1245955943.1
O2,GW190620_030421,1245035079.3
O2,GW190602_175927,1243533585.1
O2,GW190527_092055,1242984073.8
O2,GW190521_074359,1242459857.4
O2,GW190521,1242442967.4
O2,GW190519_153544,1242315362.4
O2,GW190517_055101,1242107479.8
O2,GW190514_065416,1241852074.8
O2,GW190513_205428,1241816086.7
O2,GW190512_180714,1241719652.4
O2,GW190503_185404,1240944862.3
O2,GW190426_152155,1240327333.3
O2,GW190425,1240215503.0
O2,GW190424_180648,1240164426.1
O2,GW190421_213856,1239917954.2
O2,GW190413_134308,1239198206.7
O2,GW190413_052954,1239168612.5
O2,GW190412,1239082262.1
O2,GW190408_181802,1238782700.3
O3,GW200322_091133,1268903511.3
O3,GW200316_215756,1268431094.1
O3,GW200311_115853,1267963151.3
O3,GW200308_173609,1267724187.7
O3,GW200306_093714,1267522652.1
O3,GW200302_015811,1267149509.5
O3,GW200225_060421,1266645879.3
O3,GW200224_222234,1266618172.4
O3,GW200220_124850,1266238148.1
O3,GW200220_061928,1266214786.7
O3,GW200219_094415,1266140673.1
O3,GW200216_220804,1265926102.8
O3,GW200210_092254,1265361792.9
O3,GW200209_085452,1265273710.1
O3,GW200208_222617,1265235995.9
O3,GW200208_130117,1265202095.9
O3,GW200202_154313,1264693411.5
O3,GW200129_065458,1264316116.4
O3,GW200128_022011,1264213229.9
O3,GW200115_042309,1263097407.7
O3,GW200112_155838,1262879936.0
O3,GW191230_180458,1261764316.4
O3,GW191222_033537,1261020955.1
O3,GW191219_163120,1260808298.4
O3,GW191216_213338,1260567236.4
O3,GW191215_223052,1260484270.3
O3,GW191204_171526,1259514944.0
O3,GW191204_110529,1259492747.5
O3,GW191129_134029,1259070047.1
O3,GW191127_050227,1258866165.5
O3,GW191126_115259,1258804397.6
O3,GW191113_071753,1257664691.8
O3,GW191109_010717,1257296855.2
O3,GW191105_143521,1256999739.9
O3,GW191103_012549,1256779567.5
O4,GW240109_050431,1388811889.8
O4,GW240107_013215,1388626353.7
O4,GW240105_151143,1388502721.2
O4,GW240104_164932,1388422190.6
O4,GW231231_154016,1388072434.7
O4,GW231231_120147,1388059325.6
O4,GW231230_170116,1387990895.0
O4,GW231226_101520,1387620938.3
O4,GW231224_024321,1387421020.0
O4,GW231223_202619,1387398397.0
O4,GW231223_075055,1387353073.3
O4,GW231223_032836,1387337334.1
O4,GW231221_135041,1387201859.3
O4,GW231220_173406,1387128864.2
O4,GW231213_111417,1386501275.9
O4,GW231206_233901,1385941159.5
O4,GW231206_233134,1385940712.5
O4,GW231206_010629,1385860007.2
O4,GW231204_090648,1385716026.9
O4,GW231129_081745,1385281083.6
O4,GW231127_165300,1385139198.9
O4,GW231126_010928,1384996186.3
O4,GW231123_135430,1384782888.7
O4,GW231120_022103,1384482081.0
O4,GW231119_075248,1384415586.1
O4,GW231118_090602,1384333580.0
O4,GW231118_071402,1384326860.2
O4,GW231118_005626,1384304204.8
O4,GW231114_043211,1383971549.2
O4,GW231113_200417,1383941075.9
O4,GW231113_150041,1383922859.4
O4,GW231113_122623,1383913601.9
O4,GW231110_040320,1383624218.2
O4,GW231108_125142,1383483120.5
O4,GW231104_133418,1383140076.9
O4,GW231102_232433,1383002691.5
O4,GW231102_071736,1382944674.4
O4,GW231102_052214,1382937752.4
O4,GW231029_111508,1382613326.8
O4,GW231028_153006,1382542224.3
O4,GW231026_130704,1382360842.2
O4,GW231020_142947,1381847405.6
O4,GW231018_233037,1381707055.0
O4,GW231014_040532,1381291551.0
O4,GW231013_135504,1381240522.4
O4,GW231008_142521,1380810339.8
O4,GW231005_144455,1380552313.4
O4,GW231005_091549,1380532567.5
O4,GW231005_021030,1380507049.0
O4,GW231004_232346,1380497044.3
O4,GW231002_143916,1380292774.7
O4,GW231001_140220,1380204158.7
O4,GW230930_110730,1380107268.4
O4,GW230928_215827,1379973525.1
O4,GW230927_153832,1379864330.9
O4,GW230927_043729,1379824667.1
O4,GW230925_143957,1379688015.5
O4,GW230924_124453,1379594711.8
O4,GW230922_040658,1379390836.1
O4,GW230922_020344,1379383442.9
O4,GW230920_071124,1379229102.7
O4,GW230920_064709,1379227647.3
O4,GW230919_215712,1379195850.0
O4,GW230914_111401,1378725259.7
O4,GW230911_195324,1378497222.2
O4,GW230904_152545,1377876363.2
O4,GW230904_051013,1377839431.1
O4,GW230902_224555,1377729973.7
O4,GW230902_172430,1377710688.8
O4,GW230902_122814,1377692912.9
O4,GW230831_134621,1377524799.7
O4,GW230831_015414,1377482072.1
O4,GW230830_064744,1377413282.2
O4,GW230825_041334,1376972032.5
O4,GW230824_135331,1376920429.9
O4,GW230824_033047,1376883065.7
O4,GW230823_142524,1376835942.6
O4,GW230822_230337,1376780635.5
O4,GW230820_212515,1376601934.0
O4,GW230819_171910,1376500768.4
O4,GW230817_212349,1376342647.1
O4,GW230814_230901,1376089759.8
O4,GW230814_061920,1376029178.5
O4,GW230811_032116,1375759294.3
O4,GW230807_205045,1375476663.4
O4,GW230806_204041,1375389659.9
O4,GW230805_034249,1375242188.0
O4,GW230803_033412,1375068870.4
O4,GW230731_215307,1374875605.9
O4,GW230729_082317,1374654215.2
O4,GW230728_083628,1374568606.9
O4,GW230726_002940,1374366598.1
O4,GW230723_101834,1374142732.4
O4,GW230723_084820,1374137318.4
O4,GW230721_222634,1374013612.8
O4,GW230717_102139,1373624517.1
O4,GW230712_090405,1373187863.9
O4,GW230709_122727,1372940865.2
O4,GW230709_063445,1372919703.1
O4,GW230708_230935,1372892993.5
O4,GW230708_071859,1372835957.4
O4,GW230708_053705,1372829843.1
O4,GW230707_124047,1372768865.3
O4,GW230706_104333,1372675431.2
O4,GW230704_212616,1372541194.7
O4,GW230704_021211,1372471949.2
O4,GW230702_185453,1372359311.7
O4,GW230702_162025,1372350043.9
O4,GW230630_234532,1372203950.4
O4,GW230630_125806,1372165104.9
O4,GW230630_070659,1372144037.0
O4,GW230628_231200,1372029138.4
O4,GW230627_015337,1371866035.8
O4,GW230625_211655,1371763033.0
O4,GW230624_214944,1371678602.5
O4,GW230624_113103,1371641481.7
O4,GW230618_102550,1371119168.0
O4,GW230615_160825,1370880524.0
O4,GW230609_064958,1370328616.3
O4,GW230609_010824,1370308122.4
O4,GW230608_205047,1370292665.2
O4,GW230606_024545,1370054763.5
O4,GW230606_004305,1370047403.8
O4,GW230605_065343,1369983241.5
O4,GW230603_174756,1369849694.9
O4,GW230601_224134,1369694512.1
O4,GW230531_141100,1369577478.3
O4,GW230529_181500,1369419318.7
O4,GW230518_125908,1368449966.2
